2012-06,Metropolitan Police,00ASHD,142,19,56,6,14,20,3,0,6,9,4,5
2012-06,Metropolitan Police,00ASHE,193,22,61,4,13,35,3,13,20,12,5,5
2012-06,Metropolitan Police,00ASHB,131,16,55,1,20,17,2,1,7,4,2,6
2012-06,Metropolitan Police,00ASHC,93,11,41,2,4,11,1,6,5,6,1,5
2012-06,Metropolitan Police,00ASHA,177,11,62,5,12,31,8,6,9,17,7,9
2012-06,Metropolitan Police,00BBGW,120,7,47,12,12,15,0,0,7,13,3,4
2012-06,Metropolitan Police,00BFGS,61,6,24,1,5,12,2,0,5,3,0,3
2012-06,Metropolitan Police,00BDGD,75,9,33,1,9,11,1,1,3,4,1,2
2012-06,Metropolitan Police,00ALHA,152,16,45,7,9,21,6,2,17,16,3,10
2012-06,Metropolitan Police,00ALHC,192,10,71,7,9,27,6,5,11,24,15,7
2012-06,Metropolitan Police,00ALHB,366,13,74,5,22,39,7,21,18,126,10,31
2012-06,Metropolitan Police,00ALHE,171,25,59,2,11,24,4,2,16,16,1,11
2012-06,Metropolitan Police,00ALHD,219,13,95,1,10,48,3,2,22,12,8,5
2012-06,Metropolitan Police,00ALHG,158,20,55,2,11,24,4,1,15,17,4,5
2012-06,Metropolitan Police,00ALHF,251,12,94,3,11,43,10,22,11,29,6,10
2012-06,Metropolitan Police,00BFGP,50,2,18,2,4,7,4,0,6,3,3,1
2012-06,Metropolitan Police,00BFGW,81,8,30,0,12,13,0,1,6,7,1,3
2012-06,Metropolitan Police,00BFGU,85,8,31,2,10,11,3,0,9,9,1,1
2012-06,Metropolitan Police,00BBGU,577,21,155,22,34,51,13,38,22,169,22,30
2012-06,Metropolitan Police,00BFGT,65,5,23,2,7,7,2,2,4,8,1,4
2012-06,Metropolitan Police,00BGFY,198,11,73,4,19,28,1,2,11,34,7,8
2012-06,Metropolitan Police,00BGFX,281,17,127,14,5,28,7,5,16,35,22,5
2012-06,Metropolitan Police,00BGFZ,197,19,82,5,12,15,9,6,5,29,10,5
2012-06,Metropolitan Police,00BHFZ,155,16,52,14,15,21,2,1,10,15,4,5
2012-06,Metropolitan Police,00BHFX,141,16,45,4,24,18,2,1,14,7,3,7
2012-06,Metropolitan Police,00BHFY,161,8,60,11,11,30,2,0,13,15,3,8
2012-06,Metropolitan Police,00BGFW,210,11,78,3,17,29,7,1,8,42,10,4
2012-06,Metropolitan Police,00BFGF,67,5,27,3,5,8,1,6,1,7,1,3
2012-06,Metropolitan Police,00BBGG,263,11,91,19,8,29,5,19,5,59,14,3
2012-06,Metropolitan Police,00BBGF,189,6,42,6,31,25,3,1,12,28,12,23
2012-06,Metropolitan Police,00BBGE,167,15,52,4,22,23,4,0,10,23,5,9
2012-06,Metropolitan Police,00BBGD,202,24,66,13,13,26,3,4,7,26,7,13
2012-06,Metropolitan Police,00BBGC,159,8,35,10,21,25,0,1,3,31,17,8
2012-06,Metropolitan Police,00BBGB,220,9,75,5,20,42,5,12,8,21,11,12
2012-06,Metropolitan Police,00BBGN,171,7,59,5,18,18,5,4,8,22,17,8
2012-06,Metropolitan Police,00BBGM,140,9,36,12,14,26,7,4,3,20,6,3
2012-06,Metropolitan Police,00BBGL,262,19,102,8,28,42,6,6,9,24,12,6
2012-06,Metropolitan Police,00BBGK,178,8,65,4,34,33,3,2,9,14,2,4
2012-06,Metropolitan Police,00BBGJ,123,14,44,6,16,13,2,0,4,15,5,4
2012-06,Metropolitan Police,00BBGH,122,7,39,11,12,20,0,3,5,14,2,9
2012-06,Metropolitan Police,00AKHF,156,16,50,5,34,15,2,2,9,17,4,2
2012-06,Metropolitan Police,00AKHG,252,19,83,12,35,35,3,6,18,26,7,8
2012-06,Metropolitan Police,00AKHD,116,16,45,6,20,8,0,2,4,10,2,3
2012-06,Metropolitan Police,00AKHE,85,9,28,3,10,9,3,1,7,10,2,3
2012-06,Metropolitan Police,00AKHB,197,21,63,12,20,13,2,19,10,27,3,7
2012-06,Metropolitan Police,00AKHC,119,21,54,1,4,7,0,4,5,16,2,5
2012-06,Metropolitan Police,00BBGQ,173,13,74,10,17,17,7,0,8,13,8,6
2012-06,Metropolitan Police,00AKHA,213,27,76,11,24,29,0,3,11,18,3,11
2012-06,Metropolitan Police,00AKHH,80,6,29,0,14,10,1,0,2,11,2,5
2012-06,Metropolitan Police,00BBGX,160,11,65,9,8,14,0,0,17,22,4,10
2012-06,Metropolitan Police,00AFGZ,90,19,27,2,10,7,2,1,7,6,5,4
2012-06,Metropolitan Police,00AFGX,190,18,58,6,23,29,3,12,13,16,4,8
2012-06,Metropolitan Police,00AFGY,56,7,14,0,13,4,1,3,3,9,1,1
2012-06,Metropolitan Police,00AFGW,152,11,60,2,3,14,3,7,11,25,3,13
2012-06,Metropolitan Police,00AFGT,149,27,47,7,6,19,1,4,8,24,2,4
2012-06,Metropolitan Police,00AFGU,102,14,42,1,8,11,0,5,4,10,2,5
2012-06,Metropolitan Police,00AFGR,82,5,26,1,7,10,3,3,3,15,1,8
2012-06,Metropolitan Police,00AFGS,83,15,21,1,12,9,0,5,3,9,1,7
2012-06,Metropolitan Police,00AFGP,93,17,25,5,4,16,4,0,4,10,4,4
2012-06,Metropolitan Police,00AFGQ,38,6,20,0,1,3,2,0,4,2,0,0
2012-06,Metropolitan Police,00AFGN,145,13,60,0,12,20,2,0,19,8,4,7
2012-06,Metropolitan Police,00AFGL,121,16,37,2,12,15,5,6,3,17,3,5
2012-06,Metropolitan Police,00AFGM,156,21,48,2,12,13,4,7,19,17,3,10
2012-06,Metropolitan Police,00AFGJ,116,21,39,1,12,4,2,1,11,16,2,7
2012-06,Metropolitan Police,00AFGK,106,27,28,10,15,9,0,1,4,7,2,3
2012-06,Metropolitan Police,00AFGH,63,9,18,0,8,2,1,3,4,9,0,9
2012-06,Metropolitan Police,00AFGF,90,6,31,0,7,16,3,1,9,10,1,6
2012-06,Metropolitan Police,00AFGG,255,23,50,7,7,46,11,44,11,37,6,13
2012-06,Metropolitan Police,00AFGD,75,6,17,0,23,8,0,2,2,12,2,3
2012-06,Metropolitan Police,00AFGE,74,6,26,1,8,9,0,4,5,6,1,8
2012-06,Metropolitan Police,00BAFZ,83,5,25,1,3,2,5,18,3,14,3,4
2012-06,Metropolitan Police,00BAFY,33,3,13,0,0,1,1,4,1,6,0,4
2012-06,Metropolitan Police,00BAFX,82,6,28,3,7,14,3,2,3,9,4,3
2012-06,Metropolitan Police,00BGGC,231,16,106,7,13,31,10,1,17,17,6,7
2012-06,Metropolitan Police,00AMGA,140,11,60,3,10,8,5,6,4,22,5,6
2012-06,Metropolitan Police,00AMGC,237,7,83,4,25,40,7,4,11,37,13,6
2012-06,Metropolitan Police,00AMGB,88,1,36,1,9,23,4,0,2,9,2,1
2012-06,Metropolitan Police,00AMGE,325,16,112,14,17,32,5,11,11,97,7,3
2012-06,Metropolitan Police,00AMGD,107,11,32,4,8,16,4,1,7,22,2,0
2012-06,Metropolitan Police,00AMGG,162,13,50,6,12,20,5,7,13,25,5,6
2012-06,Metropolitan Police,00AMGF,163,7,49,6,21,17,4,2,8,40,6,3
2012-06,Metropolitan Police,00AMGH,137,6,58,5,18,16,4,0,9,11,6,4
2012-06,Metropolitan Police,00AMGK,247,9,107,4,13,30,8,1,13,48,9,5
2012-06,Metropolitan Police,00AMGJ,459,20,96,15,37,38,8,2,18,193,22,10
2012-06,Metropolitan Police,00AMGM,153,7,58,5,18,29,5,1,7,10,5,8
2012-06,Metropolitan Police,00AMGL,280,9,48,3,11,17,5,0,0,22,162,3
2012-06,Metropolitan Police,00AMGN,103,5,48,0,7,9,1,3,4,17,3,6
2012-06,Metropolitan Police,00AMGQ,261,13,54,5,40,27,5,4,13,85,11,4
2012-06,Metropolitan Police,00AMGP,144,14,45,5,14,24,6,5,6,15,4,6
2012-06,Metropolitan Police,00AMGS,167,10,60,1,6,28,1,1,10,36,6,8
2012-06,Metropolitan Police,00AMGR,118,5,45,1,11,18,4,0,7,16,4,7
2012-06,Metropolitan Police,00AMGU,147,9,43,7,29,17,2,0,6,22,8,4
2012-06,Metropolitan Police,00ATFZ,175,14,53,3,17,21,9,1,10,23,7,17
2012-06,Metropolitan Police,00ATFY,129,6,67,2,9,16,4,3,11,7,4,0
2012-06,Metropolitan Police,00BKGB,142,12,40,3,14,8,1,6,7,44,5,2
2012-06,Metropolitan Police,00AJGR,121,9,35,5,13,16,5,7,1,11,4,15
2012-06,Metropolitan Police,00AJGS,164,18,53,4,17,24,10,1,13,11,9,4
2012-06,Metropolitan Police,00AJGP,104,11,39,2,9,26,3,0,3,4,3,4
2012-06,Metropolitan Police,00AJGQ,81,12,20,1,13,9,0,0,8,13,0,5
2012-06,Metropolitan Police,00AJGW,151,21,37,6,27,11,4,8,5,20,3,9
2012-06,Metropolitan Police,00AJGT,170,15,69,4,19,18,5,1,8,19,8,4
2012-06,Metropolitan Police,00AJGU,195,8,65,7,14,32,8,5,16,23,14,3
2012-06,Metropolitan Police,00AJGZ,198,12,77,13,14,23,1,1,7,15,32,3
2012-06,Metropolitan Police,00AJGX,232,9,98,6,11,29,5,4,14,29,12,15
2012-06,Metropolitan Police,00AJGY,229,8,94,13,14,35,3,4,20,22,12,4
2012-06,Metropolitan Police,00AJGC,207,8,77,4,13,32,6,10,25,17,8,7
2012-06,Metropolitan Police,00AJGF,281,8,89,7,13,40,6,39,9,57,7,6
2012-06,Metropolitan Police,00AJGG,141,16,46,1,18,12,2,2,5,19,4,16
2012-06,Metropolitan Police,00AJGD,102,7,28,1,11,23,2,0,9,16,3,2
2012-06,Metropolitan Police,00AJGE,143,9,53,7,8,10,8,0,20,12,12,4
2012-06,Metropolitan Police,00AJGJ,216,13,77,4,12,26,10,10,26,26,5,7
2012-06,Metropolitan Police,00AJGK,243,16,90,3,23,37,11,4,18,18,11,12
2012-06,Metropolitan Police,00AJGH,248,32,66,10,25,24,5,8,12,44,10,12
2012-06,Metropolitan Police,00AJGN,122,9,47,2,11,26,8,1,8,8,1,1
2012-06,Metropolitan Police,00AJGL,139,16,39,3,22,24,2,4,11,7,3,8
2012-06,Metropolitan Police,00AJGM,112,16,27,3,18,9,2,0,8,16,2,11
2012-06,Metropolitan Police,00ANGF,108,2,45,1,14,10,3,1,6,19,3,4
2012-06,Metropolitan Police,00AHGU,54,7,23,1,2,3,1,1,5,7,2,2
2012-06,Metropolitan Police,00ANGE,136,8,43,4,6,17,11,9,10,18,6,4
2012-06,Metropolitan Police,00AHGP,158,13,40,4,14,16,4,8,16,22,5,16
2012-06,Metropolitan Police,00AHGQ,70,7,28,1,8,11,0,1,5,4,3,2
2012-06,Metropolitan Police,00AEHA,239,18,69,10,27,39,5,7,11,28,13,12
2012-06,Metropolitan Police,00AEHB,119,6,43,14,5,15,3,0,6,10,17,0
2012-06,Metropolitan Police,00AEHC,176,18,47,4,7,31,7,4,13,19,18,8
2012-06,Metropolitan Police,00AEHD,152,11,70,6,10,22,6,2,5,8,6,6
2012-06,Metropolitan Police,00AEHE,289,18,103,16,3,44,16,19,13,24,23,10
2012-06,Metropolitan Police,00AEHF,234,14,100,4,14,29,14,8,6,25,12,8
2012-06,Metropolitan Police,00AMGT,228,15,57,7,24,31,6,4,11,50,15,8
2012-06,Metropolitan Police,00AWGR,125,6,43,0,5,8,3,4,5,43,6,2
2012-06,Metropolitan Police,00AWGQ,141,7,63,4,6,25,4,0,10,17,1,4
2012-06,Metropolitan Police,00AWGP,120,5,24,0,10,5,2,9,2,53,1,9
2012-06,Metropolitan Police,00AHGX,65,12,23,0,11,6,1,1,2,5,2,2
2012-06,Metropolitan Police,00ANGK,59,7,14,0,11,6,3,0,1,13,2,2
2012-06,Metropolitan Police,00AWGG,100,6,21,2,7,8,1,14,3,28,1,9
2012-06,Metropolitan Police,00AWGF,148,3,48,4,5,18,7,8,5,39,10,1
2012-06,Metropolitan Police,00AWGE,163,7,55,3,10,17,8,2,9,31,14,7
2012-06,Metropolitan Police,00AWGD,93,5,42,4,5,7,3,1,0,21,5,0
2012-06,Metropolitan Police,00AWGC,126,16,27,4,7,7,2,8,0,42,6,7
2012-06,Metropolitan Police,00AHGZ,197,20,73,13,13,32,8,12,9,8,4,5
2012-06,Metropolitan Police,00AWGA,127,10,34,0,6,8,2,9,2,49,2,5
2012-06,Metropolitan Police,00AWGN,88,12,23,0,4,12,5,2,3,17,7,3
2012-06,Metropolitan Police,00AWGM,95,12,16,2,13,5,0,5,0,38,2,2
2012-06,Metropolitan Police,00AWGL,123,6,30,6,11,4,5,9,11,38,0,3
2012-06,Metropolitan Police,00AWGK,96,4,39,1,10,14,1,0,4,18,3,2
2012-06,Metropolitan Police,00AWGJ,96,8,23,6,10,15,4,1,4,16,5,4
2012-06,Metropolitan Police,00BJGN,145,13,34,3,14,15,5,7,8,34,7,5
2012-06,Metropolitan Police,00AWGH,89,10,21,4,12,8,3,4,3,18,4,2
2012-06,Metropolitan Police,00AYGU,167,22,59,14,13,18,4,0,9,16,5,7
2012-06,Metropolitan Police,00AYGT,139,22,39,8,15,18,6,2,9,15,3,2
2012-06,Metropolitan Police,00AYGW,192,23,62,7,14,29,7,2,8,27,11,2
2012-06,Metropolitan Police,00AYGQ,148,8,51,4,15,24,3,3,9,19,2,10
2012-06,Metropolitan Police,00AYGP,165,18,57,8,20,20,7,0,11,17,3,4
2012-06,Metropolitan Police,00AYGS,112,14,22,12,14,11,6,0,8,18,3,4
2012-06,Metropolitan Police,00AYGR,153,18,53,3,8,28,10,0,13,10,2,8
2012-06,Metropolitan Police,00AYGM,218,19,72,9,14,32,9,7,7,32,6,11
2012-06,Metropolitan Police,00AYGL,259,13,94,24,10,24,8,3,10,42,19,12
2012-06,Metropolitan Police,00AYGN,161,10,52,13,11,26,4,1,7,18,13,6
2012-06,Metropolitan Police,00AYGH,163,19,37,6,22,27,4,4,12,17,8,7
2012-06,Metropolitan Police,00AYGK,287,13,121,23,10,41,9,3,8,41,13,5
2012-06,Metropolitan Police,00AYGJ,191,10,63,12,12,26,8,3,8,30,14,5
2012-06,Metropolitan Police,00AYGE,282,12,91,25,7,39,4,7,8,65,20,4
2012-06,Metropolitan Police,00AXFZ,101,8,43,1,6,15,2,1,9,10,1,5
2012-06,Metropolitan Police,00AXFY,59,3,33,1,1,7,1,0,5,7,0,1
2012-06,Metropolitan Police,00AXFX,45,2,20,0,6,4,0,3,5,3,0,2
2012-06,Metropolitan Police,00AHX1,150,20,59,2,12,26,2,5,6,13,2,3
2012-06,Metropolitan Police,00AYGC,297,21,66,12,19,27,7,7,16,108,7,7
2012-06,Metropolitan Police,00AYGB,192,11,48,22,31,12,2,1,8,51,1,5
2012-06,Metropolitan Police,00BEGL,201,23,63,8,13,22,4,2,14,41,8,3
2012-06,Metropolitan Police,00BEGM,198,16,79,6,21,18,4,2,16,20,8,8
2012-06,Metropolitan Police,00BEGN,188,20,58,17,5,32,6,3,8,23,8,8
2012-06,Metropolitan Police,00BEGH,108,11,22,8,16,12,5,3,10,15,1,5
2012-06,Metropolitan Police,00BEGJ,287,10,96,20,7,52,7,15,13,51,10,6
2012-06,Metropolitan Police,00BEGK,160,22,45,10,9,19,6,2,12,28,4,3
2012-06,Metropolitan Police,00BEGD,223,17,72,21,7,35,7,6,6,35,9,8
2012-06,Metropolitan Police,00BEGE,392,23,110,18,13,29,7,5,9,158,8,12
2012-06,Metropolitan Police,00BEGF,218,15,57,21,6,31,8,3,8,60,5,4
2012-06,Metropolitan Police,00BEGG,113,12,36,3,14,8,1,0,8,20,2,9
2012-06,Metropolitan Police,00BKGD,103,3,52,0,6,10,3,2,3,17,7,0
2012-06,Metropolitan Police,00BEGC,158,15,45,10,9,19,8,1,14,26,5,6
2012-06,Metropolitan Police,00BKGE,157,9,84,0,7,18,1,0,4,17,14,3
2012-06,Metropolitan Police,00BEGX,140,17,60,7,11,10,2,1,7,20,0,5
2012-06,Metropolitan Police,00BEGY,326,25,91,19,43,34,12,17,16,47,13,9
2012-06,Metropolitan Police,00BEGZ,149,21,37,17,12,11,0,2,21,19,6,3
2012-06,Metropolitan Police,00BEGT,157,16,56,5,9,18,4,5,6,28,6,4
2012-06,Metropolitan Police,00BEGU,174,15,67,8,5,21,4,7,13,20,8,6
2012-06,Metropolitan Police,00BJGL,196,20,77,1,12,25,16,1,11,14,5,14
2012-06,Metropolitan Police,00BEGW,155,7,71,19,8,23,2,2,5,12,2,4
2012-06,Metropolitan Police,00BEGP,177,17,49,9,20,32,6,0,6,20,10,8
2012-06,Metropolitan Police,00BEGQ,169,5,38,12,19,26,9,1,15,20,15,9
2012-06,Metropolitan Police,00BEGR,98,8,27,4,13,12,7,1,9,11,4,2
2012-06,Metropolitan Police,00BEGS,241,10,61,12,14,22,6,8,4,84,12,8
2012-06,Metropolitan Police,00BKGU,163,10,69,5,5,20,3,1,24,13,6,7
2012-06,Metropolitan Police,00BKGA,84,8,25,7,11,10,4,0,5,9,0,5
2012-06,Metropolitan Police,00BDFW,73,7,25,0,12,5,1,0,5,12,3,3
2012-06,Metropolitan Police,00BDFZ,93,12,30,2,5,12,3,4,5,16,1,3
2012-06,Metropolitan Police,00BDFX,55,12,9,1,3,2,1,5,5,10,2,5
2012-06,Metropolitan Police,00BDFY,55,3,31,0,4,6,0,0,3,5,0,3
2012-06,Metropolitan Police,00BCGT,192,7,71,7,12,36,4,6,5,25,10,9
2012-06,Metropolitan Police,00BCGU,111,19,23,3,35,8,0,0,4,5,5,9
2012-06,Metropolitan Police,00BCGR,169,13,54,2,12,34,4,4,9,15,6,16
2012-06,Metropolitan Police,00BCGS,99,12,30,4,18,5,2,1,7,16,0,4
2012-06,Metropolitan Police,00BCGP,120,12,48,4,11,13,0,1,6,9,5,11
2012-06,Metropolitan Police,00BCGQ,85,9,25,1,13,10,1,2,4,11,4,5
2012-06,Metropolitan Police,00BCGN,85,11,33,1,11,4,0,5,4,11,1,4
2012-06,Metropolitan Police,00BCGL,201,7,89,4,12,38,2,3,6,17,15,8
2012-06,Metropolitan Police,00BCGM,108,8,36,2,24,15,0,0,2,7,7,7
2012-06,Metropolitan Police,00BCGJ,110,10,40,2,18,18,1,0,1,7,7,6
2012-06,Metropolitan Police,00BCGK,152,4,81,5,16,15,8,0,4,12,4,3
2012-06,Metropolitan Police,00BCGH,119,15,47,5,12,13,4,2,5,3,10,3
2012-06,Metropolitan Police,00BCGF,117,14,46,3,11,13,0,0,4,14,6,6
2012-06,Metropolitan Police,00BCGG,94,13,27,2,9,12,2,0,8,11,8,2
2012-06,Metropolitan Police,00BCGD,89,17,30,0,14,9,3,1,4,4,5,2
2012-06,Metropolitan Police,00BCGE,340,13,142,5,25,23,10,21,12,53,24,12
2012-06,Metropolitan Police,00BCGB,139,9,59,2,22,15,4,2,6,8,6,6
2012-06,Metropolitan Police,00BCGC,134,6,56,5,23,7,1,7,8,14,3,4
2012-06,Metropolitan Police,00BCGA,110,9,41,6,15,12,1,1,7,9,3,6
2012-06,Metropolitan Police,00ALGX,187,13,74,1,10,34,7,1,17,11,10,9
2012-06,Metropolitan Police,00ALGY,272,23,69,6,22,41,9,15,14,60,8,5
2012-06,Metropolitan Police,00ALGZ,62,12,19,0,6,9,2,1,3,5,2,3
2012-06,Metropolitan Police,00BKGP,141,7,42,5,6,13,4,2,7,32,12,11
2012-06,Metropolitan Police,00ALGP,188,21,64,4,22,30,8,6,9,10,8,6
2012-06,Metropolitan Police,00ALGQ,107,13,32,1,12,15,2,0,5,22,2,3
2012-06,Metropolitan Police,00ALGR,195,19,79,3,13,28,3,1,23,15,2,9
2012-06,Metropolitan Police,00ALGS,110,8,39,3,14,19,0,7,5,11,0,4
2012-06,Metropolitan Police,00ALGT,136,9,40,6,8,22,4,15,8,15,2,7
2012-06,Metropolitan Police,00ALGU,79,9,27,1,8,11,5,0,3,9,2,4
2012-06,Metropolitan Police,00ALGW,79,5,35,0,5,17,5,0,5,4,3,0
2012-06,Metropolitan Police,00BKGR,77,2,41,5,4,5,4,0,1,6,6,3
2012-06,Metropolitan Police,00AGGG,171,13,56,7,7,16,8,2,10,33,10,9
2012-06,Metropolitan Police,00AGGF,528,15,126,13,9,54,26,10,15,175,74,11
2012-06,Metropolitan Police,00AGGE,463,30,99,17,18,27,14,13,6,203,15,21
2012-06,Metropolitan Police,00AGGD,88,8,28,1,11,7,3,1,4,20,2,3
2012-06,Metropolitan Police,00AGGN,116,5,47,2,9,16,3,0,11,17,2,4
2012-06,Metropolitan Police,00AGGM,154,5,45,5,9,18,7,0,6,46,8,5
2012-06,Metropolitan Police,00AGGL,124,4,27,3,26,11,5,4,6,28,1,9
2012-06,Metropolitan Police,00AGGK,118,5,44,3,6,20,2,0,9,18,3,8
2012-06,Metropolitan Police,00AGGJ,81,8,25,0,17,7,2,1,5,10,0,6
2012-06,Metropolitan Police,00AGGH,84,9,20,3,13,14,0,0,6,14,1,4
2012-06,Metropolitan Police,00AGGW,126,15,30,4,13,13,1,6,5,25,1,13
2012-06,Metropolitan Police,00AGGU,186,4,85,6,10,24,4,0,10,38,1,4
2012-06,Metropolitan Police,00AGGT,282,13,102,6,6,27,8,3,4,91,12,10
2012-06,Metropolitan Police,00AGGS,288,12,110,10,13,32,10,0,4,68,10,19
2012-06,Metropolitan Police,00AGGR,211,14,83,3,20,13,9,14,10,27,8,10
2012-06,Metropolitan Police,00AGGQ,185,12,55,5,10,31,3,5,10,38,8,8
2012-06,Metropolitan Police,00AGGP,634,57,166,14,28,46,11,29,23,226,17,17
2012-06,Metropolitan Police,00AGGX,152,14,45,3,12,20,7,1,11,34,1,4
2012-06,Metropolitan Police,00BHGA,100,11,35,4,15,11,2,3,4,10,2,3
2012-06,Metropolitan Police,00AKGZ,137,18,40,8,21,16,1,2,6,18,1,6
2012-06,Metropolitan Police,00AKGY,183,10,76,8,22,27,3,0,8,14,8,7
2012-06,Metropolitan Police,00AKGX,117,14,34,7,11,19,3,0,10,9,5,5
2012-06,Metropolitan Police,00BHGE,75,5,27,1,12,12,2,0,4,10,1,1
2012-06,Metropolitan Police,00BHGD,135,10,43,7,21,22,3,0,6,14,5,4
2012-06,Metropolitan Police,00BHGG,298,17,83,11,16,27,9,23,10,78,10,14
2012-06,Metropolitan Police,00BHGF,99,11,33,0,20,10,3,1,4,8,3,6
2012-06,Metropolitan Police,00AKGS,134,20,53,0,26,12,0,0,9,7,6,1
2012-06,Metropolitan Police,00AKGR,220,23,75,7,18,26,4,14,14,23,9,7
2012-06,Metropolitan Police,00AKGQ,364,21,140,19,22,41,12,16,24,41,12,16
2012-06,Metropolitan Police,00AKGP,73,14,34,1,3,6,0,1,4,8,1,1
2012-06,Metropolitan Police,00AKGW,62,6,22,0,6,12,1,2,2,6,1,4
2012-06,Metropolitan Police,00BHGL,252,16,101,9,28,37,4,5,14,25,4,9
2012-06,Metropolitan Police,00AKGU,124,11,52,8,16,13,2,1,6,4,4,7
2012-06,Metropolitan Police,00AKGT,106,11,38,6,9,8,2,13,3,12,3,1
2012-06,Metropolitan Police,00BHGQ,192,19,25,2,10,23,2,3,2,38,1,67
2012-06,Metropolitan Police,00BHGP,172,5,75,5,10,23,6,0,9,16,7,16
2012-06,Metropolitan Police,00BHGS,111,5,44,3,18,13,7,0,10,8,2,1
2012-06,Metropolitan Police,00BHGR,120,18,43,4,16,12,2,0,7,8,2,8
2012-06,Metropolitan Police,00AKGN,123,8,58,1,11,13,6,2,12,7,1,4
2012-06,Metropolitan Police,00AKGM,95,13,35,5,11,3,3,4,5,10,0,6
2012-06,Metropolitan Police,00AKGL,103,10,32,1,25,10,2,0,4,8,6,5
2012-06,Metropolitan Police,00AZGF,269,23,96,8,57,24,2,0,12,31,11,5
2012-06,Metropolitan Police,00AZGG,115,7,48,5,17,13,8,0,3,6,4,4
2012-06,Metropolitan Police,00AZGD,176,12,68,4,13,36,1,4,8,21,4,5
2012-06,Metropolitan Police,00AZGE,181,8,43,2,11,38,11,10,11,25,9,13
2012-06,Metropolitan Police,00AZGJ,174,20,59,4,12,36,4,5,15,8,7,4
2012-06,Metropolitan Police,00AZGK,161,5,59,11,16,19,7,4,13,17,10,0
2012-06,Metropolitan Police,00AZGH,152,16,43,4,20,24,7,2,15,12,4,5
2012-06,Metropolitan Police,00AZGN,132,13,52,2,16,20,4,1,8,13,2,1
2012-06,Metropolitan Police,00AZGL,122,18,50,5,12,11,0,2,9,12,1,2
2012-06,Metropolitan Police,00AZGM,139,19,43,5,13,21,1,1,3,8,15,10
2012-06,Metropolitan Police,00AHGS,156,13,50,9,22,19,4,1,7,15,9,7
2012-06,Metropolitan Police,00AZGS,152,16,58,4,11,25,5,2,6,10,5,10
2012-06,Metropolitan Police,00AZGP,140,21,40,4,21,15,7,6,7,16,1,2
2012-06,Metropolitan Police,00AZGQ,397,19,134,10,21,52,25,32,20,62,10,12
2012-06,Metropolitan Police,00AZGW,147,17,51,8,13,22,2,0,7,19,1,7
2012-06,Metropolitan Police,00AZGT,292,16,127,7,7,51,15,8,12,30,6,13
2012-06,Metropolitan Police,00AZGU,116,12,35,1,13,19,2,3,8,11,5,7
2012-06,Metropolitan Police,00AZGX,165,16,54,6,16,28,5,4,7,16,3,10
2012-06,Metropolitan Police,00BKX8,456,14,87,14,2,40,10,7,13,235,22,12
2012-06,Metropolitan Police,00BJGC,76,20,17,1,7,9,0,2,4,11,0,5
2012-06,Metropolitan Police,00BKX2,334,12,59,10,4,22,4,26,4,177,10,6
2012-06,Metropolitan Police,00BKX1,307,16,69,12,25,16,5,13,4,136,2,9
2012-06,Metropolitan Police,00BKX7,198,5,61,1,3,8,6,7,0,85,12,10
2012-06,Metropolitan Police,00BKX6,450,10,115,11,7,46,13,10,13,196,18,11
2012-06,Metropolitan Police,00BKX5,637,24,86,25,6,40,22,27,14,340,36,17
2012-06,Metropolitan Police,00BKX4,782,11,101,15,5,29,12,222,4,358,2,23
2012-06,Metropolitan Police,00AUFZ,264,9,86,8,11,28,9,5,13,77,9,9
2012-06,Metropolitan Police,00BJGG,187,10,71,9,13,30,2,2,11,28,6,5
2012-06,Metropolitan Police,00AUFX,179,6,48,7,5,25,18,8,5,37,13,7
2012-06,Metropolitan Police,00AUFY,343,13,66,9,30,40,7,7,11,133,10,17
2012-06,Metropolitan Police,00BJGF,199,11,81,9,24,20,4,17,4,17,1,11
2012-06,Metropolitan Police,00BJGE,140,14,49,3,26,19,2,0,11,11,3,2
2012-06,Metropolitan Police,00BJGD,188,16,60,3,23,21,3,6,11,33,3,9
2012-06,Metropolitan Police,00BJGB,192,24,71,6,21,17,2,2,11,25,7,6
2012-06,Metropolitan Police,00APGT,151,13,44,6,15,21,5,0,24,18,2,3
2012-06,Metropolitan Police,00APGU,150,17,53,6,15,22,1,0,11,14,6,5
2012-06,Metropolitan Police,00APGP,90,14,28,1,11,13,2,0,2,14,2,3
2012-06,Metropolitan Police,00APGQ,271,19,120,11,25,32,6,7,14,23,7,7
2012-06,Metropolitan Police,00APGR,206,15,61,18,13,43,3,2,16,22,10,3
2012-06,Metropolitan Police,00APGS,137,10,45,8,23,19,1,2,11,10,4,4
2012-06,Metropolitan Police,00APGL,208,23,70,4,22,32,4,0,15,21,12,5
2012-06,Metropolitan Police,00APGM,175,14,82,5,21,14,2,0,8,16,8,5
2012-06,Metropolitan Police,00APGN,201,13,71,8,20,24,7,6,8,21,4,19
2012-06,Metropolitan Police,00APGH,118,6,55,1,11,11,0,0,3,18,5,8
2012-06,Metropolitan Police,00BJGA,115,3,44,3,18,14,2,2,4,15,7,3
2012-06,Metropolitan Police,00APGJ,121,18,26,5,22,14,2,3,8,18,2,3
2012-06,Metropolitan Police,00APGK,412,25,105,13,31,48,10,29,29,101,7,14
2012-06,Metropolitan Police,00APGD,94,19,22,4,5,9,0,3,8,17,4,3
2012-06,Metropolitan Police,00APGE,94,10,24,3,12,19,0,0,7,18,0,1
2012-06,Metropolitan Police,00APGF,181,13,78,5,24,20,3,1,7,19,6,5
2012-06,Metropolitan Police,00APGG,94,10,39,3,15,4,3,0,3,11,0,6
2012-06,Metropolitan Police,00APGA,154,12,27,11,19,12,0,0,2,59,9,3
2012-06,Metropolitan Police,00APGB,166,8,57,2,20,18,4,1,17,20,8,11
2012-06,Metropolitan Police,00APGC,176,13,55,7,18,40,2,1,15,16,6,3
2012-06,Metropolitan Police,00AQFZ,96,20,37,1,11,7,1,0,3,12,1,3
2012-06,Metropolitan Police,00AQFY,89,17,24,2,7,11,2,0,6,14,1,5
2012-06,Metropolitan Police,00BKGN,123,7,66,0,5,13,1,0,7,17,4,3
2012-06,Metropolitan Police,00BHGC,185,11,43,15,22,32,5,0,14,27,4,12
2012-06,Metropolitan Police,00BHGB,75,14,26,1,14,8,1,0,6,2,0,3
2012-06,Metropolitan Police,00AXGE,48,4,16,0,4,4,1,1,4,8,3,3
2012-06,Metropolitan Police,00BHGH,127,18,48,4,14,19,3,0,2,10,2,7
2012-06,Metropolitan Police,00BHGK,108,16,40,1,16,18,3,0,3,9,1,1
2012-06,Metropolitan Police,00BHGJ,189,23,66,3,16,22,2,4,13,29,4,7
2012-06,Metropolitan Police,00BHGM,249,12,69,10,37,40,3,7,25,29,7,10
2012-06,Metropolitan Police,00BJFZ,194,19,63,5,23,9,6,1,7,52,4,5
2012-06,Metropolitan Police,00BHGN,169,14,56,6,17,23,5,6,9,26,3,4
2012-06,Metropolitan Police,00BCFY,145,12,46,0,14,14,6,8,8,16,8,13
2012-06,Metropolitan Police,00BKGS,269,14,139,4,9,19,9,4,2,52,12,5
2012-06,Metropolitan Police,00BCFZ,102,20,25,6,5,10,6,1,6,16,3,4
2012-06,Metropolitan Police,00BKGF,127,12,52,3,11,16,4,0,5,17,3,4
2012-06,Metropolitan Police,00BKGG,306,15,118,11,19,29,10,4,5,81,2,12
2012-06,Metropolitan Police,00ACFX,112,18,37,1,14,13,2,0,9,9,1,8
2012-06,Metropolitan Police,00ACFY,154,7,66,2,9,28,4,2,7,14,9,6
2012-06,Metropolitan Police,00ACFZ,277,32,108,10,22,20,10,12,6,37,4,16
2012-06,Metropolitan Police,00AJHB,116,5,39,2,14,14,4,2,10,18,4,4
2012-06,Metropolitan Police,00AJHA,118,8,31,2,30,12,1,0,5,19,2,8
2012-06,Metropolitan Police,00ABGJ,77,9,26,0,8,14,0,0,9,4,4,3
2012-06,Metropolitan Police,00ABGK,134,9,48,5,8,22,6,1,7,17,2,9
2012-06,Metropolitan Police,00ABGH,96,7,31,1,13,17,2,1,8,11,4,1
2012-06,Metropolitan Police,00ABGN,138,15,48,1,8,16,4,4,16,15,2,9
2012-06,Metropolitan Police,00ABGL,149,16,54,3,20,24,2,7,6,15,1,1
2012-06,Metropolitan Police,00ABGM,76,7,29,3,9,11,2,0,8,3,2,2
2012-06,Metropolitan Police,00ABGB,93,7,40,2,7,15,3,2,3,6,2,6
2012-06,Metropolitan Police,00ABGC,105,16,35,3,6,13,5,1,10,8,2,6
2012-06,Metropolitan Police,00ABGA,147,12,63,2,15,17,3,7,16,4,5,3
2012-06,Metropolitan Police,00ABGF,140,13,53,4,11,16,8,2,14,9,3,7
2012-06,Metropolitan Police,00ABGG,89,6,33,2,12,7,1,1,5,14,4,4
2012-06,Metropolitan Police,00ABGD,147,13,31,4,11,23,4,1,9,24,7,20
2012-06,Metropolitan Police,00ABGE,103,8,42,0,15,15,3,1,7,8,1,3
2012-06,Metropolitan Police,00ABGP,91,10,33,7,9,11,0,1,5,9,2,4
2012-06,Metropolitan Police,00BKGC,284,27,63,9,23,25,5,9,11,87,7,18
2012-06,Metropolitan Police,00BDGE,60,13,14,0,10,5,1,2,4,9,0,2
2012-06,Metropolitan Police,00AZGR,273,18,109,11,25,26,6,3,12,34,19,10
2012-06,Metropolitan Police,00BDGG,77,11,22,3,8,13,2,3,3,9,0,3
2012-06,Metropolitan Police,00BDGF,97,12,25,3,17,11,3,0,6,17,2,1
2012-06,Metropolitan Police,00BDGA,59,2,32,0,5,5,0,3,4,5,2,1
2012-06,Metropolitan Police,00BDGC,79,10,30,1,9,9,0,0,6,10,3,1
2012-06,Metropolitan Police,00BDGB,90,9,31,2,3,14,3,3,3,11,1,10
2012-06,Metropolitan Police,00BDGM,109,10,32,2,4,16,2,1,13,23,2,4
2012-06,Metropolitan Police,00BDGL,68,6,35,1,2,4,2,3,1,11,2,1
2012-06,Metropolitan Police,00BDGN,71,7,18,1,9,8,1,3,9,13,0,2
2012-06,Metropolitan Police,00BDGH,67,7,27,0,5,4,3,1,5,13,0,2
2012-06,Metropolitan Police,00BDGK,69,15,32,0,6,2,2,0,1,9,1,1
2012-06,Metropolitan Police,00BDGJ,156,13,33,0,13,16,1,18,10,37,8,7
2012-06,Metropolitan Police,00BFGC,84,14,19,0,12,11,1,2,9,11,0,5
2012-06,Metropolitan Police,00BFGG,37,4,14,0,4,8,2,1,3,1,0,0
2012-06,Metropolitan Police,00BDGP,49,9,15,0,3,5,2,0,5,8,0,2
2012-06,Metropolitan Police,00BFGE,57,9,25,1,6,6,1,0,2,6,0,1
2012-06,Metropolitan Police,00BFGD,96,11,42,1,8,12,2,1,10,6,1,2
2012-06,Metropolitan Police,00BFGK,106,7,43,4,6,14,8,2,15,5,2,0
2012-06,Metropolitan Police,00BFGJ,88,5,33,0,11,9,2,7,10,4,3,4
2012-06,Metropolitan Police,00BFGH,52,9,11,0,12,5,3,3,2,5,1,1
2012-06,Metropolitan Police,00BFGN,70,7,33,0,6,6,2,2,4,8,0,2
2012-06,Metropolitan Police,00BFGM,270,11,81,4,8,40,9,45,16,35,16,5
2012-06,Metropolitan Police,00BFGL,70,11,22,2,16,5,2,0,2,5,2,3
2012-06,Metropolitan Police,00AQGU,54,5,24,0,5,6,2,0,5,2,3,2
2012-06,Metropolitan Police,00AQGT,117,5,59,0,16,9,3,1,9,6,3,6
2012-06,Metropolitan Police,00AQGQ,103,5,49,4,5,11,1,1,9,11,2,5
2012-06,Metropolitan Police,00AQGP,55,8,24,1,5,4,0,1,1,8,1,2
2012-06,Metropolitan Police,00AQGS,100,13,33,7,11,12,2,1,5,12,2,2
2012-06,Metropolitan Police,00AQGR,111,14,40,2,8,15,0,0,10,7,2,13
2012-06,Metropolitan Police,00AQGE,58,5,22,0,8,14,0,0,1,5,1,2
2012-06,Metropolitan Police,00AQGD,95,12,34,2,13,13,2,1,2,7,5,4
2012-06,Metropolitan Police,00AQGG,61,10,18,1,14,5,1,1,1,1,7,2
2012-06,Metropolitan Police,00AQGF,47,7,22,0,7,2,1,0,1,3,3,1
2012-06,Metropolitan Police,00AQGA,91,12,38,4,6,10,2,3,8,5,0,3
2012-06,Metropolitan Police,00AQGC,101,12,36,7,6,10,8,2,6,9,2,3
2012-06,Metropolitan Police,00AQGB,216,8,68,10,5,27,8,22,12,35,11,10
2012-06,Metropolitan Police,00AQGM,55,5,24,1,9,5,1,0,4,2,1,3
2012-06,Metropolitan Police,00AQGL,62,8,17,2,13,2,2,2,3,9,1,3
2012-06,Metropolitan Police,00AQGN,112,17,29,5,16,12,2,0,8,7,5,11
2012-06,Metropolitan Police,00AQGH,56,10,16,1,6,10,3,0,3,5,0,2
2012-06,Metropolitan Police,00AQGK,119,5,35,7,26,16,5,0,7,11,3,4
2012-06,Metropolitan Police,00AQGJ,62,8,18,2,9,9,3,0,0,9,0,4
2012-06,Metropolitan Police,00ADGP,78,5,29,1,3,11,1,0,7,11,4,6
2012-06,Metropolitan Police,00ADGQ,49,4,15,1,7,6,1,0,5,7,2,1
2012-06,Metropolitan Police,00ADGR,141,11,52,0,18,18,3,1,13,14,5,6
2012-06,Metropolitan Police,00ADGS,78,10,33,0,4,8,2,0,8,9,2,2
2012-06,Metropolitan Police,00ADGT,60,7,31,0,3,7,1,0,5,4,2,0
2012-06,Metropolitan Police,00ADGU,31,3,12,0,3,10,0,0,2,1,0,0
2012-06,Metropolitan Police,00ADGW,78,10,28,2,4,7,1,3,3,14,1,5
2012-06,Metropolitan Police,00ADGX,138,26,47,2,9,33,0,0,7,6,2,6
2012-06,Metropolitan Police,00BKGL,121,10,44,0,15,15,2,1,4,14,5,11
2012-06,Metropolitan Police,00BKGM,240,20,64,3,18,10,2,4,5,99,5,10
2012-06,Metropolitan Police,00BKGJ,289,31,80,10,12,11,3,10,16,79,23,14
2012-06,Metropolitan Police,00BKGK,165,19,38,10,13,12,3,1,7,45,5,12
2012-06,Metropolitan Police,00BKGH,218,8,40,9,9,17,5,6,7,79,30,8
2012-06,Metropolitan Police,00ADGA,73,4,38,0,3,6,1,0,9,6,3,3
2012-06,Metropolitan Police,00ADGB,101,12,45,0,5,14,4,1,5,10,2,3
2012-06,Metropolitan Police,00ADGC,37,3,16,0,4,2,1,3,1,3,1,3
2012-06,Metropolitan Police,00ADGD,46,5,16,1,4,10,1,0,3,4,0,2
2012-06,Metropolitan Police,00ADGE,55,6,17,1,4,8,1,3,4,5,2,4
2012-06,Metropolitan Police,00ADGF,144,5,56,0,7,9,2,22,8,21,2,12
2012-06,Metropolitan Police,00ADGG,89,7,29,0,11,12,4,2,11,4,7,2
2012-06,Metropolitan Police,00ADGH,93,9,33,1,7,11,1,4,13,10,3,1
2012-06,Metropolitan Police,00ADGJ,69,11,28,2,5,4,1,0,6,6,2,4
2012-06,Metropolitan Police,00ADGK,77,4,33,1,5,10,3,3,5,11,0,2
2012-06,Metropolitan Police,00ADGL,64,10,23,3,4,7,3,0,6,5,1,2
2012-06,Metropolitan Police,00ADGM,106,8,37,1,6,18,7,2,5,12,5,5
2012-06,Metropolitan Police,00ADGN,51,10,11,1,2,6,2,2,4,6,1,6
2012-06,Metropolitan Police,00AXGC,63,2,22,0,6,8,2,0,6,7,2,8
2012-06,Metropolitan Police,00BKX3,518,41,96,23,28,28,7,28,9,227,15,16
2012-06,Metropolitan Police,00AWGB,147,6,39,2,4,11,4,8,12,49,8,4
2012-06,Metropolitan Police,00ASGZ,163,16,54,4,17,19,10,7,9,17,3,7
2012-06,Metropolitan Police,00ASGG,167,11,65,7,11,25,6,3,11,15,5,8
2012-06,Metropolitan Police,00ASGK,57,5,27,2,4,8,0,1,4,2,1,3
2012-06,Metropolitan Police,00ASGJ,130,19,39,9,7,21,3,3,10,9,10,0
2012-06,Metropolitan Police,00ASGH,176,22,60,11,12,21,1,3,9,20,4,13
2012-06,Metropolitan Police,00ASGN,62,3,25,0,3,9,2,1,8,6,2,3
2012-06,Metropolitan Police,00ASGM,57,3,23,0,10,4,0,1,5,6,1,4
2012-06,Metropolitan Police,00ASGL,98,12,31,2,9,17,2,2,4,9,5,5
2012-06,Metropolitan Police,00ASGS,62,5,20,0,4,10,1,7,12,2,1,0
2012-06,Metropolitan Police,00ASGR,55,11,18,0,3,5,0,3,6,6,2,1
2012-06,Metropolitan Police,00ASGQ,112,7,28,3,9,25,3,8,9,11,5,4
2012-06,Metropolitan Police,00ASGP,428,18,151,1,36,35,17,22,24,94,11,19
2012-06,Metropolitan Police,00ASGW,157,9,57,1,11,23,2,1,10,9,3,31
2012-06,Metropolitan Police,00ASGU,63,6,31,1,4,6,2,0,5,6,1,1
2012-06,Metropolitan Police,00ASGT,78,10,27,2,8,6,2,5,5,8,2,3
2012-06,Metropolitan Police,00AHHE,206,35,61,7,16,35,6,2,8,22,8,6
2012-06,Metropolitan Police,00AHHD,208,15,56,14,11,22,8,2,11,32,5,32
2012-06,Metropolitan Police,00ASGY,233,10,87,5,17,49,7,12,11,15,5,15
2012-06,Metropolitan Police,00ASGX,100,12,28,2,21,14,0,4,6,10,0,3
2012-06,Metropolitan Police,00AHHA,245,16,113,7,17,35,7,2,17,20,6,5
2012-06,Metropolitan Police,00AHHC,160,22,53,2,14,28,3,1,11,9,10,7
2012-06,Metropolitan Police,00AHHB,104,7,25,7,30,13,2,2,7,5,0,6
2012-06,Metropolitan Police,00AUGH,187,12,67,10,6,32,10,5,8,28,7,2
2012-06,Metropolitan Police,00AUGK,136,15,44,6,15,16,7,0,12,13,1,7
2012-06,Metropolitan Police,00AUGJ,161,9,48,6,22,15,4,2,12,34,4,5
2012-06,Metropolitan Police,00AUGM,249,8,79,9,20,23,11,1,10,79,5,4
2012-06,Metropolitan Police,00AUGL,347,15,75,5,18,41,12,15,15,137,5,9
2012-06,Metropolitan Police,00AUGN,132,5,41,4,12,14,7,7,14,18,7,3
2012-06,Metropolitan Police,00AUGA,139,7,28,6,12,17,3,6,11,45,2,2
2012-06,Metropolitan Police,00AUGC,267,7,107,17,9,38,7,12,12,40,10,8
2012-06,Metropolitan Police,00AUGB,257,7,65,3,17,16,6,2,20,101,7,13
2012-06,Metropolitan Police,00AUGE,148,10,43,7,5,28,8,2,9,26,3,7
2012-06,Metropolitan Police,00AUGD,131,8,43,5,11,15,0,2,7,31,2,7
2012-06,Metropolitan Police,00AUGG,182,7,75,6,7,19,9,4,9,37,6,3
2012-06,Metropolitan Police,00AUGF,107,3,36,7,6,15,9,0,6,15,3,7
2012-06,Metropolitan Police,00BBGT,166,20,69,3,11,14,0,1,9,24,0,15
2012-06,Metropolitan Police,00BBGS,217,14,71,10,21,37,6,0,16,31,4,7
2012-06,Metropolitan Police,00BBGR,129,8,43,8,7,20,1,0,7,13,14,8
2012-06,Metropolitan Police,00BAGP,94,7,28,1,7,14,2,8,5,17,4,1
2012-06,Metropolitan Police,00BAGQ,86,16,17,2,11,10,8,1,2,15,2,2
2012-06,Metropolitan Police,00BAGR,64,9,19,1,7,7,1,6,5,6,1,2
2012-06,Metropolitan Police,00BAGS,77,11,14,1,18,8,0,2,7,10,0,6
2012-06,Metropolitan Police,00BBGP,185,3,77,13,13,29,1,2,13,14,7,13
2012-06,Metropolitan Police,00BFGR,88,4,41,1,4,14,0,2,6,9,0,7
2012-06,Metropolitan Police,00BAGA,158,9,71,0,9,24,2,0,5,20,12,6
2012-06,Metropolitan Police,00BAGB,64,6,13,1,6,9,1,7,3,11,6,1
2012-06,Metropolitan Police,00BAGC,126,16,43,7,7,17,2,3,12,12,4,3
2012-06,Metropolitan Police,00BAGD,67,6,21,1,9,8,1,0,6,8,2,5
2012-06,Metropolitan Police,00BAGE,75,5,16,3,10,4,1,5,7,17,5,2
2012-06,Metropolitan Police,00BAGF,79,4,25,3,11,12,1,0,7,6,5,5
2012-06,Metropolitan Police,00BAGG,100,7,42,4,12,4,4,0,4,10,2,11
2012-06,Metropolitan Police,00BAGH,53,5,23,2,3,10,2,0,2,3,0,3
2012-06,Metropolitan Police,00BAGJ,75,2,38,5,9,5,1,2,5,6,1,1
2012-06,Metropolitan Police,00BAGK,111,16,40,9,7,10,1,0,8,14,4,2
2012-06,Metropolitan Police,00BAGL,113,9,32,1,16,25,3,2,4,10,5,6
2012-06,Metropolitan Police,00BAGM,59,6,24,1,12,4,0,1,4,6,0,1
2012-06,Metropolitan Police,00BAGN,69,1,23,1,8,11,0,1,14,4,4,2
2012-06,Metropolitan Police,00ACGS,215,17,70,7,20,18,6,16,11,29,7,14
2012-06,Metropolitan Police,00ACGR,159,14,62,2,24,16,4,7,8,10,5,7
2012-06,Metropolitan Police,00ACGQ,140,34,46,4,9,20,4,4,8,7,3,1
2012-06,Metropolitan Police,00ACGP,90,15,32,1,6,7,0,1,6,12,2,8
2012-06,Metropolitan Police,00ACGT,167,36,47,2,11,13,1,4,11,23,6,13
2012-06,Metropolitan Police,00BFGQ,60,5,29,0,2,12,1,1,4,4,0,2
2012-06,Metropolitan Police,00ACGC,103,30,30,2,9,10,1,1,8,7,4,1
2012-06,Metropolitan Police,00ACGB,150,19,40,3,22,12,2,7,9,17,3,16
2012-06,Metropolitan Police,00ACGA,146,7,56,1,8,22,2,3,10,14,1,22
2012-06,Metropolitan Police,00ACGG,117,20,20,3,40,9,2,2,3,9,1,8
2012-06,Metropolitan Police,00ACGF,113,28,23,2,20,10,1,0,5,15,2,7
2012-06,Metropolitan Police,00ACGE,204,16,61,5,25,18,3,4,7,41,1,23
2012-06,Metropolitan Police,00ACGD,139,17,47,3,16,10,3,0,5,26,1,11
2012-06,Metropolitan Police,00ACGK,167,14,70,3,21,13,5,2,9,14,3,13
2012-06,Metropolitan Police,00ACGJ,128,22,36,2,9,22,1,1,14,10,3,8
2012-06,Metropolitan Police,00ACGH,174,21,63,1,22,12,4,9,6,15,3,18
2012-06,Metropolitan Police,00ACGN,142,29,45,1,16,15,2,3,5,17,3,6
2012-06,Metropolitan Police,00ACGM,186,20,51,9,24,13,4,8,9,30,1,17
2012-06,Metropolitan Police,00ACGL,150,23,55,4,19,8,2,1,9,19,3,7
2012-06,Metropolitan Police,00BKGT,121,9,50,1,6,8,3,8,1,27,5,3
2012-06,Metropolitan Police,00AYGD,362,25,120,19,16,43,19,5,15,75,18,7
2012-06,Metropolitan Police,00AYGG,190,7,55,10,21,26,5,1,12,36,10,7
2012-06,Metropolitan Police,00BGGJ,163,13,61,1,22,8,4,2,1,32,12,7
2012-06,Metropolitan Police,00BGGK,173,7,84,2,11,17,8,0,7,21,10,6
2012-06,Metropolitan Police,00BGGH,162,7,76,2,11,26,3,0,10,8,11,8
2012-06,Metropolitan Police,00AYGF,103,10,40,1,3,15,4,1,6,15,8,0
2012-06,Metropolitan Police,00BGGN,302,12,149,8,23,40,3,2,9,41,10,5
2012-06,Metropolitan Police,00BGGL,345,8,113,6,16,32,4,2,11,96,47,10
2012-06,Metropolitan Police,00BGGM,356,11,128,5,20,23,17,4,9,88,46,5
2012-06,Metropolitan Police,00BGGB,172,12,96,2,5,25,0,0,10,11,5,6
2012-06,Metropolitan Police,00AYGA,198,10,55,18,23,37,8,1,5,32,7,2
2012-06,Metropolitan Police,00BGGA,699,8,87,28,12,32,3,2,8,192,321,6
2012-06,Metropolitan Police,00BGGF,208,8,70,10,17,29,4,1,12,32,20,5
2012-06,Metropolitan Police,00BGGG,250,13,85,2,21,29,4,14,12,49,9,12
2012-06,Metropolitan Police,00BGGD,168,11,74,4,7,26,6,1,13,11,3,12
2012-06,Metropolitan Police,00BGGE,221,15,75,7,13,35,6,0,7,26,33,4
2012-06,Metropolitan Police,00AHGT,161,24,57,6,17,17,1,0,7,17,7,8
2012-06,Metropolitan Police,00ANGG,378,17,112,12,30,34,21,41,15,60,22,14
2012-06,Metropolitan Police,00ANGD,156,5,45,3,16,28,6,2,6,25,8,12
2012-06,Metropolitan Police,00AHGW,300,21,117,10,27,39,4,4,26,23,14,15
2012-06,Metropolitan Police,00ANGB,160,9,66,6,13,19,2,6,10,19,8,2
2012-06,Metropolitan Police,00ANGC,115,6,39,2,13,15,5,0,6,20,3,6
2012-06,Metropolitan Police,00AHGR,125,5,57,4,10,19,3,4,15,5,3,0
2012-06,Metropolitan Police,00ANGA,148,6,40,2,19,28,9,2,3,26,3,10
2012-06,Metropolitan Police,00ANGN,130,8,47,1,15,12,3,3,10,21,4,6
2012-06,Metropolitan Police,00ANGL,156,8,35,3,20,24,2,0,6,48,4,6
2012-06,Metropolitan Police,00ANGM,152,10,38,3,22,17,10,2,9,24,8,9
2012-06,Metropolitan Police,00ANGJ,119,8,34,5,12,9,7,3,7,24,7,3
2012-06,Metropolitan Police,00AHGY,80,6,23,2,12,10,1,1,6,11,1,7
2012-06,Metropolitan Police,00ANGH,84,9,28,0,11,9,2,1,3,16,3,2
2012-06,Metropolitan Police,00AHGE,152,17,68,3,13,24,1,0,2,18,3,3
2012-06,Metropolitan Police,00AHGF,116,20,31,2,9,18,0,1,12,8,11,4
2012-06,Metropolitan Police,00AHGG,160,20,52,11,19,20,2,0,12,9,5,10
2012-06,Metropolitan Police,00ANGR,175,8,78,4,18,21,5,0,9,14,14,4
2012-06,Metropolitan Police,00ANGP,401,10,79,11,14,46,12,50,14,107,31,27
2012-06,Metropolitan Police,00ANGQ,160,12,50,2,18,19,4,5,5,36,3,6
2012-06,Metropolitan Police,00AHGL,148,22,53,3,5,20,1,2,6,18,9,9
2012-06,Metropolitan Police,00AHGM,469,24,166,25,20,68,14,28,20,63,29,12
2012-06,Metropolitan Police,00AHGN,105,4,36,7,6,24,2,1,15,7,3,0
2012-06,Metropolitan Police,00AHGH,395,25,116,20,19,48,10,43,27,39,22,26
2012-06,Metropolitan Police,00AHGJ,70,15,18,1,5,8,0,0,9,6,3,5
2012-06,Metropolitan Police,00AHGK,87,9,25,1,4,12,1,3,5,7,1,19
2012-06,Metropolitan Police,00ARGR,396,15,95,17,14,60,16,39,25,72,24,19
2012-06,Metropolitan Police,00ARGS,128,14,40,0,25,13,1,6,9,13,2,5
2012-06,Metropolitan Police,00ARGP,69,11,28,1,7,7,0,0,4,8,0,3
2012-06,Metropolitan Police,00ARGQ,97,15,34,1,15,10,3,3,3,8,4,1
2012-06,Metropolitan Police,00ARGW,67,7,23,0,8,7,0,2,4,9,2,5
2012-06,Metropolitan Police,00ARGT,99,14,24,3,14,8,5,0,3,13,9,6
2012-06,Metropolitan Police,00ARGU,82,11,28,3,17,9,0,1,3,9,1,0
2012-06,Metropolitan Police,00ARGJ,106,13,36,0,14,11,2,3,8,8,6,5
2012-06,Metropolitan Police,00ARGK,72,4,33,0,11,10,2,0,3,5,3,1
2012-06,Metropolitan Police,00ARGH,56,8,19,0,10,2,2,0,4,6,0,5
2012-06,Metropolitan Police,00ARGN,93,7,30,3,11,18,4,0,6,8,1,5
2012-06,Metropolitan Police,00ARGL,119,16,42,1,12,14,6,0,9,6,9,4
2012-06,Metropolitan Police,00ARGM,84,9,25,0,18,10,1,5,3,3,2,8
2012-06,Metropolitan Police,00ARGC,133,11,42,3,16,19,4,7,4,17,6,4
2012-06,Metropolitan Police,00ARGF,37,3,12,1,6,3,0,1,2,3,1,5
2012-06,Metropolitan Police,00ARGG,144,11,54,0,5,25,4,2,20,14,3,6
2012-06,Metropolitan Police,00ARGD,52,4,20,0,6,7,5,0,5,4,0,1
2012-06,Metropolitan Police,00ARGE,126,11,50,1,12,20,2,6,8,10,4,2
2012-06,Metropolitan Police,00AEGY,176,15,64,4,8,12,8,1,11,37,12,4
2012-06,Metropolitan Police,00AEGX,103,18,20,6,6,18,1,6,6,6,5,11
2012-06,Metropolitan Police,00BJGM,156,14,33,7,22,17,5,10,10,26,6,6
2012-06,Metropolitan Police,00AEGZ,127,15,38,7,10,16,3,9,8,9,5,7
2012-06,Metropolitan Police,00BJGK,182,15,56,2,19,19,8,0,15,34,4,10
2012-06,Metropolitan Police,00BJGJ,232,15,56,5,21,18,6,34,5,56,8,8
2012-06,Metropolitan Police,00BJGH,123,9,37,2,17,12,1,4,4,26,5,6
2012-06,Metropolitan Police,00AEGQ,245,9,84,8,16,48,7,7,12,23,26,5
2012-06,Metropolitan Police,00AEGP,139,15,43,6,10,17,5,1,8,19,9,6
2012-06,Metropolitan Police,00AEGS,73,9,15,5,6,6,2,6,5,10,8,1
2012-06,Metropolitan Police,00AEGR,164,7,56,3,14,34,8,1,8,21,5,7
2012-06,Metropolitan Police,00AEGU,142,12,53,5,17,17,3,2,8,18,4,3
2012-06,Metropolitan Police,00AEGT,199,12,69,3,19,37,11,3,9,21,9,6
2012-06,Metropolitan Police,00AEGW,83,6,22,3,8,14,2,0,16,8,3,1
2012-06,Metropolitan Police,00AEGK,134,19,44,6,9,19,1,6,5,12,8,5
2012-06,Metropolitan Police,00AEGJ,174,12,59,14,14,25,7,4,10,13,5,11
2012-06,Metropolitan Police,00AEGM,115,14,35,4,11,15,3,2,4,4,16,7
2012-06,Metropolitan Police,00AEGL,122,18,39,3,16,13,2,1,3,16,6,5
2012-06,Metropolitan Police,00AEGN,167,12,36,4,22,31,4,8,9,16,16,9
2012-06,Metropolitan Police,00BJGU,127,19,32,4,10,17,4,1,10,21,4,5
2012-06,Metropolitan Police,00BJGT,104,8,44,3,16,12,2,0,7,11,0,1
2012-06,Metropolitan Police,00BJGS,123,7,43,2,25,15,1,0,11,14,2,3
2012-06,Metropolitan Police,00BJGR,194,21,66,6,20,26,9,1,10,22,6,7
2012-06,Metropolitan Police,00BJGQ,194,17,41,2,17,20,7,15,5,59,4,7
2012-06,Metropolitan Police,00BJGP,137,18,37,2,21,14,3,9,10,17,1,5
2012-06,Metropolitan Police,00AFHB,62,11,16,0,8,5,3,0,4,10,0,5
2012-06,Metropolitan Police,00AFHA,29,6,9,0,4,1,2,0,3,2,1,1
2012-06,Metropolitan Police,00AWFY,95,3,24,1,10,7,0,7,8,23,7,5
2012-06,Metropolitan Police,00AWFZ,291,19,41,2,14,12,4,44,6,123,10,16
2012-06,Metropolitan Police,00AXGD,71,8,30,1,3,7,1,1,8,9,1,2
2012-06,Metropolitan Police,00ABFY,110,12,37,0,7,24,1,4,6,10,6,3
2012-06,Metropolitan Police,00AXGF,382,11,95,4,11,49,13,63,15,108,9,4
2012-06,Metropolitan Police,00AXGG,107,8,40,1,5,20,4,3,11,9,0,6
2012-06,Metropolitan Police,00AYFZ,388,14,155,12,14,36,15,2,12,115,8,5
2012-06,Metropolitan Police,00AXGA,83,10,37,0,1,10,1,0,6,18,0,0
2012-06,Metropolitan Police,00AXGB,61,8,26,0,3,4,1,4,8,3,2,2
2012-06,Metropolitan Police,00ABFX,280,12,78,10,16,47,9,20,16,46,17,9
2012-06,Metropolitan Police,00AXGL,41,8,11,0,3,2,0,1,5,10,1,0
2012-06,Metropolitan Police,00AXGM,86,13,31,1,4,16,2,4,6,7,0,2
2012-06,Metropolitan Police,00AXGN,47,3,22,1,3,5,0,1,4,4,1,3
2012-06,Metropolitan Police,00AXGH,48,6,18,1,1,10,6,0,3,3,0,0
2012-06,Metropolitan Police,00AXGJ,32,4,13,0,4,5,0,1,4,1,0,0
2012-06,Metropolitan Police,00AXGK,75,8,24,0,6,4,3,14,3,9,2,2
2012-06,Metropolitan Police,00ABFZ,134,17,38,1,18,22,1,4,8,10,7,8
2012-06,Metropolitan Police,00ATGA,151,13,21,3,35,8,4,2,12,43,5,5
2012-06,Metropolitan Police,00ATGB,105,17,29,2,18,10,1,0,5,17,2,4
2012-06,Metropolitan Police,00ATGC,152,18,37,1,13,31,6,1,8,20,7,10
2012-06,Metropolitan Police,00ATGD,156,13,55,2,19,25,3,3,12,14,5,5
2012-06,Metropolitan Police,00ATGE,178,10,53,1,10,43,7,13,12,15,8,6
2012-06,Metropolitan Police,00ATGF,113,9,45,3,8,14,5,4,8,10,5,2
2012-06,Metropolitan Police,00ATGG,140,6,54,0,17,19,3,0,10,19,6,6
2012-06,Metropolitan Police,00ATGH,113,13,37,4,11,19,5,1,8,7,7,1
2012-06,Metropolitan Police,00ATGJ,107,8,38,4,12,16,3,0,5,8,4,9
2012-06,Metropolitan Police,00ATGK,187,14,53,4,15,22,4,18,8,22,4,23
2012-06,Metropolitan Police,00ATGL,331,16,90,12,13,44,13,41,17,47,19,19
2012-06,Metropolitan Police,00ATGM,201,8,111,3,15,21,8,1,10,14,6,4
2012-06,Metropolitan Police,00ATGN,49,10,10,0,3,7,0,0,9,7,2,1
2012-06,Metropolitan Police,00ATGP,189,10,58,7,7,35,7,10,11,31,7,6
2012-06,Metropolitan Police,00ATGQ,95,13,26,1,5,10,3,8,11,12,5,1
2012-06,Metropolitan Police,00ATGR,123,8,36,5,13,14,6,9,10,15,5,2
2012-06,Metropolitan Police,00ATGS,141,6,55,0,11,22,9,1,14,19,2,2
2012-06,Metropolitan Police,00ATGT,164,18,38,10,16,15,4,10,4,32,10,7
2012-06,City of London Police,cs,188,20,30,3,5,12,3,42,6,55,5,7
2012-06,City of London Police,cw,127,16,24,1,4,10,4,2,4,48,7,7
2012-06,City of London Police,cn,181,8,49,0,8,12,1,11,6,68,11,7
2012-06,City of London Police,ce,100,6,27,0,7,7,3,7,1,38,2,2